student_id,attendance,midterm_marks,assignment_score,lab_performance,mathematics,programming,dbms,english,operating_systems,performance_label
STU1000,89,70,72,71,78,80,70,72,80,Good
STU1001,62,66,68,46,65,51,47,46,62,Average
STU1002,71,69,64,54,57,54,56,63,53,Average
STU1003,62,49,66,51,62,48,48,62,45,Average
STU1004,43,37,45,28,43,35,19,39,45,Weak
STU1005,81,71,72,79,62,71,76,65,77,Good
STU1006,61,50,69,54,45,61,59,56,43,Average
STU1007,78,73,80,79,67,71,82,69,80,Good
STU1008,92,74,77,73,74,70,60,68,68,Good
STU1009,71,52,58,63,58,47,44,47,42,Average
STU1010,69,51,56,51,50,47,53,46,42,Average
STU1011,91,98,84,82,89,82,99,77,78,Excellent
STU1012,89,73,67,65,64,80,73,68,68,Good
STU1013,69,57,66,51,58,59,45,49,64,Average
STU1014,74,55,51,57,48,58,63,46,51,Average
STU1015,35,47,47,31,29,34,47,49,28,Weak
STU1016,81,60,65,84,72,66,62,68,65,Good
STU1017,68,49,48,63,51,51,65,59,63,Average
STU1018,83,79,81,81,79,69,66,63,62,Good
STU1019,91,83,81,81,61,59,81,66,60,Good
STU1020,61,65,59,50,64,43,64,55,65,Average
STU1021,80,83,69,84,61,63,81,72,75,Good
STU1022,68,50,63,47,61,43,60,47,60,Average
STU1023,81,79,73,65,67,64,77,69,60,Good
STU1024,77,67,57,47,48,55,67,60,66,Average
STU1025,76,46,48,60,53,44,46,67,50,Average
STU1026,93,75,80,67,79,81,81,62,79,Good
STU1027,92,78,85,87,97,77,93,99,80,Excellent
STU1028,47,33,37,21,39,17,33,48,26,Weak
STU1029,78,60,78,80,79,81,67,68,62,Good
STU1030,60,60,59,63,63,62,63,58,47,Average
STU1031,37,46,46,21,38,44,18,47,32,Weak
STU1032,64,60,66,48,44,56,58,56,55,Average
STU1033,64,47,28,24,41,43,34,33,38,Weak
STU1034,60,64,68,67,42,42,59,69,51,Average
STU1035,32,27,33,43,35,29,39,42,19,Weak
STU1036,84,61,81,72,60,66,70,83,75,Good
STU1037,69,67,50,62,66,63,54,51,66,Average
STU1038,79,45,55,58,57,53,53,63,64,Average
STU1039,86,76,98,96,97,84,83,89,99,Excellent
STU1040,64,45,55,65,53,51,46,51,45,Average
STU1041,61,39,49,34,20,37,25,39,33,Weak
STU1042,59,38,36,43,36,42,43,42,43,Weak
STU1043,89,97,88,91,98,75,78,89,79,Excellent
STU1044,90,84,72,77,80,58,75,68,64,Good
STU1045,62,56,63,63,46,61,66,58,46,Average
STU1046,98,88,99,84,89,90,93,95,84,Excellent
STU1047,79,82,74,69,63,59,79,71,78,Good
STU1048,60,68,52,57,45,55,65,60,64,Average
STU1049,57,46,39,43,29,32,20,47,18,Weak
STU1050,78,55,52,56,44,40,42,52,51,Average
STU1051,87,71,78,66,78,75,62,78,67,Good
STU1052,84,61,83,73,66,61,80,79,72,Good
STU1053,54,40,48,44,21,24,22,28,41,Weak
STU1054,64,35,23,37,34,21,41,42,22,Weak
STU1055,87,82,67,73,76,74,79,77,81,Good
STU1056,93,76,68,76,68,76,71,70,66,Good
STU1057,60,39,38,45,32,30,38,24,20,Weak
STU1058,79,65,51,65,64,55,66,51,54,Average
STU1059,43,45,24,22,40,43,28,30,35,Weak
STU1060,38,29,45,31,34,43,23,26,31,Weak
STU1061,69,53,65,46,46,44,47,63,49,Average
STU1062,75,81,84,81,66,70,63,65,65,Good
STU1063,78,56,69,51,51,65,60,51,44,Average
STU1064,92,79,72,73,66,58,62,74,76,Good
STU1065,85,80,100,85,89,87,90,89,98,Excellent
STU1066,89,85,84,83,80,93,97,99,95,Excellent
STU1067,91,73,79,65,80,79,81,64,75,Good
STU1068,70,56,57,60,49,45,53,68,62,Average
STU1069,78,67,82,69,68,61,81,78,68,Good
STU1070,94,72,80,77,73,60,65,79,78,Good
STU1071,74,69,49,54,65,57,54,49,64,Average
STU1072,75,77,79,81,70,78,81,78,72,Good
STU1073,93,77,80,100,93,97,83,91,82,Excellent
STU1074,32,40,42,24,38,19,27,29,36,Weak
STU1075,88,68,78,65,78,70,72,65,60,Good
STU1076,61,52,54,46,63,61,44,62,53,Average
STU1077,34,49,49,46,42,31,33,34,40,Weak
STU1078,73,46,58,63,48,45,43,50,59,Average
STU1079,74,63,49,64,66,45,42,68,56,Average
STU1080,84,78,81,69,63,67,76,71,76,Good
STU1081,79,61,70,66,72,68,70,77,70,Good
STU1082,93,97,95,90,99,90,85,78,85,Excellent
STU1083,62,47,65,63,60,60,46,62,51,Average
STU1084,80,60,69,73,71,71,61,78,73,Good
STU1085,83,84,79,79,83,68,75,78,63,Good
STU1086,64,48,39,34,32,45,41,41,31,Weak
STU1087,73,68,49,57,67,53,65,63,48,Average
STU1088,73,55,62,57,59,65,47,47,60,Average
STU1089,79,69,71,81,66,79,71,78,72,Good
STU1090,63,54,50,53,54,57,56,48,56,Average
STU1091,74,52,55,61,53,58,51,53,46,Average
STU1092,76,83,77,70,64,58,80,83,80,Good
STU1093,90,63,75,73,82,60,78,69,64,Good
STU1094,60,25,21,39,45,25,21,34,23,Weak
STU1095,59,43,25,38,47,39,19,34,28,Weak
STU1096,78,57,59,49,47,65,63,48,60,Average
STU1097,94,76,76,79,60,71,65,66,70,Good
STU1098,42,30,22,20,23,32,41,29,22,Weak
STU1099,96,76,92,87,79,94,78,79,86,Excellent
STU1100,70,59,53,67,44,56,46,56,59,Average
STU1101,92,85,88,81,89,77,80,75,85,Excellent
STU1102,67,55,56,49,55,42,62,49,46,Average
STU1103,88,63,77,74,84,75,67,69,66,Good
STU1104,78,50,48,67,56,40,66,61,42,Average
STU1105,76,73,72,72,78,64,78,67,65,Good
STU1106,93,67,74,84,74,72,60,81,66,Good
STU1107,65,69,48,49,64,40,45,66,43,Average
STU1108,69,45,69,50,54,54,45,57,65,Average
STU1109,74,52,52,59,45,51,54,46,60,Average
STU1110,63,55,52,64,52,49,49,50,47,Average
STU1111,89,73,75,76,72,65,77,62,74,Good
STU1112,70,56,59,48,57,43,46,68,46,Average
STU1113,69,61,56,66,60,53,49,53,63,Average
STU1114,30,33,24,40,43,28,21,41,40,Weak
STU1115,44,40,34,28,38,23,27,39,42,Weak
STU1116,93,77,99,90,83,76,84,92,79,Excellent
STU1117,53,44,26,39,23,35,41,20,34,Weak
STU1118,70,66,65,65,58,46,58,64,50,Average
STU1119,90,96,87,96,84,75,90,97,96,Excellent
STU1120,93,76,77,80,67,76,77,62,73,Good
STU1121,77,46,69,61,59,45,60,48,42,Average
STU1122,81,62,74,74,78,71,61,62,82,Good
STU1123,61,37,26,48,25,15,42,42,20,Weak
STU1124,82,81,79,69,62,76,60,76,67,Good
STU1125,100,98,93,93,88,90,81,94,82,Excellent
STU1126,98,97,95,97,84,84,84,75,100,Excellent
STU1127,48,23,48,47,35,16,18,34,22,Weak
STU1128,84,61,67,76,79,62,64,67,68,Good
STU1129,86,62,84,76,83,74,69,75,82,Good
STU1130,76,62,66,61,55,48,49,46,54,Average
STU1131,83,81,75,78,63,70,61,66,70,Good
STU1132,50,29,23,28,23,16,34,24,42,Weak
STU1133,71,67,68,54,63,60,66,50,49,Average
STU1134,87,84,71,74,72,74,80,75,61,Good
STU1135,85,60,83,68,78,78,70,69,70,Good
STU1136,91,66,72,67,81,59,82,76,81,Good
STU1137,92,75,83,94,97,93,80,94,88,Excellent
STU1138,63,28,45,21,38,23,26,27,34,Weak
STU1139,85,67,74,71,62,60,77,66,71,Good
STU1140,65,46,59,63,46,51,58,61,51,Average
STU1141,76,59,59,60,65,58,49,65,58,Average
STU1142,75,50,55,69,59,64,53,59,50,Average
STU1143,61,29,35,26,34,37,43,40,39,Weak
STU1144,43,34,40,26,26,33,33,27,35,Weak
STU1145,92,79,71,67,77,67,66,78,73,Good
STU1146,62,56,60,46,44,44,52,52,64,Average
STU1147,81,74,81,68,81,70,77,62,75,Good
STU1148,86,61,67,74,61,80,72,74,77,Good
STU1149,64,46,26,33,37,43,47,36,46,Weak
STU1150,96,99,95,91,92,99,87,99,84,Excellent
STU1151,60,61,50,57,55,63,59,48,59,Average
STU1152,90,60,78,79,68,72,76,65,71,Good
STU1153,35,26,43,33,41,25,47,32,19,Weak
STU1154,94,63,72,84,81,78,78,74,73,Good
STU1155,76,84,73,81,62,81,65,66,64,Good
STU1156,76,53,50,64,67,56,51,47,59,Average
STU1157,76,68,50,47,47,52,65,59,66,Average
STU1158,73,49,49,55,50,63,44,53,44,Average
STU1159,41,29,28,34,25,39,22,30,44,Weak
STU1160,89,65,72,69,75,75,65,66,75,Good
STU1161,64,57,64,62,49,52,60,47,65,Average
STU1162,67,57,60,45,47,63,60,60,49,Average
STU1163,90,68,77,75,72,78,69,65,65,Good
STU1164,79,70,77,83,82,67,69,72,80,Good
STU1165,77,48,49,58,54,51,48,46,54,Average
STU1166,76,53,64,52,43,63,54,47,57,Average
STU1167,98,81,89,88,79,89,82,96,81,Excellent
STU1168,78,77,68,81,71,79,76,71,81,Good
STU1169,92,77,78,79,71,61,62,81,71,Good
STU1170,95,75,85,94,92,93,88,100,100,Excellent
STU1171,88,61,68,81,62,70,68,68,74,Good
STU1172,70,64,49,59,55,59,63,55,44,Average
STU1173,57,48,40,34,33,19,44,39,23,Weak
STU1174,64,47,48,50,56,41,44,61,66,Weak
STU1175,77,59,59,60,49,53,66,61,62,Average
STU1176,88,77,84,71,62,69,80,64,79,Good
STU1177,73,51,64,56,61,43,50,50,57,Average
STU1178,61,68,55,55,54,56,49,65,59,Average
STU1179,77,58,62,50,52,52,66,45,47,Average
STU1180,40,41,38,43,26,31,29,44,31,Weak
STU1181,100,96,99,80,87,82,95,75,79,Excellent
STU1182,68,57,48,57,61,65,63,51,43,Average
STU1183,55,33,45,37,32,16,27,42,29,Weak
STU1184,95,77,85,88,83,83,84,83,95,Excellent
STU1185,37,37,47,49,37,44,32,46,24,Weak
STU1186,75,48,53,66,67,42,50,54,55,Average
STU1187,90,86,91,92,90,93,96,97,91,Excellent
STU1188,82,82,83,76,77,63,77,80,81,Good
STU1189,83,62,74,83,62,79,74,62,66,Good
STU1190,79,49,51,56,61,63,59,61,60,Average
STU1191,63,65,49,48,43,54,43,48,47,Average
STU1192,78,63,69,56,44,52,59,52,62,Average
STU1193,62,52,51,60,64,49,53,58,55,Average
STU1194,64,49,53,57,50,61,56,58,65,Average
STU1195,79,46,54,50,58,64,66,46,44,Average
STU1196,60,52,59,68,45,52,64,59,52,Average
STU1197,43,35,29,48,27,26,47,28,18,Weak
STU1198,82,70,76,65,84,79,79,72,64,Good
STU1199,86,64,81,81,83,69,74,76,65,Good
STU1200,94,77,78,66,68,62,79,62,82,Good
STU1201,79,80,69,65,76,76,73,73,69,Good
STU1202,92,83,75,66,84,75,66,76,70,Good
STU1203,71,50,67,67,54,59,57,62,51,Average
STU1204,67,62,68,45,64,47,47,49,56,Average
STU1205,76,60,75,74,77,75,76,69,74,Good
STU1206,71,52,61,48,42,40,60,60,55,Average
STU1207,79,68,66,82,65,66,60,70,75,Good
STU1208,72,53,58,48,43,45,55,48,47,Average
STU1209,76,77,77,73,82,76,72,72,60,Good
STU1210,90,81,100,94,78,86,84,89,98,Excellent
STU1211,75,76,81,67,71,63,70,64,67,Good
STU1212,69,46,61,53,44,60,67,52,57,Average
STU1213,57,40,48,45,42,26,22,21,33,Weak
STU1214,71,48,62,55,57,62,47,58,59,Average
STU1215,70,57,68,67,52,62,57,59,62,Average
STU1216,54,23,30,38,32,18,38,32,39,Weak
STU1217,88,63,80,84,73,72,62,69,75,Good
STU1218,98,92,81,96,90,78,88,81,89,Excellent
STU1219,87,66,81,74,69,81,63,81,63,Good
STU1220,90,75,91,92,87,89,90,97,99,Excellent
STU1221,51,47,28,45,26,29,27,43,43,Weak
STU1222,84,67,80,81,64,61,77,80,63,Good
STU1223,84,84,82,83,63,67,60,79,64,Good
STU1224,77,71,66,65,82,78,76,83,75,Good
STU1225,77,66,75,74,68,71,72,63,62,Good
STU1226,77,47,57,66,48,48,58,55,48,Average
STU1227,88,78,68,70,69,64,72,75,63,Good
STU1228,85,78,82,88,85,75,83,83,84,Excellent
STU1229,85,76,84,91,98,82,83,82,95,Excellent
STU1230,71,47,69,50,43,62,53,46,47,Average
STU1231,61,67,67,52,63,51,67,48,46,Average
STU1232,89,84,80,74,84,80,75,73,76,Good
STU1233,82,79,67,80,72,80,78,69,81,Good
STU1234,30,44,49,40,37,20,39,37,25,Weak
STU1235,60,65,63,56,47,59,43,58,45,Average
STU1236,92,72,66,73,80,59,68,62,70,Good
STU1237,52,45,23,37,40,20,20,41,28,Weak
STU1238,64,64,57,56,56,56,51,50,59,Average
STU1239,69,58,53,47,57,46,61,58,50,Average
STU1240,77,61,66,67,77,71,79,79,69,Good
STU1241,54,48,41,20,21,45,31,20,31,Weak
STU1242,32,22,28,25,42,27,38,21,25,Weak
STU1243,63,69,62,48,54,51,54,58,61,Average
STU1244,80,70,66,83,78,62,78,63,69,Good
STU1245,85,77,79,73,82,76,68,64,80,Good
STU1246,98,88,98,86,93,90,78,78,81,Excellent
STU1247,46,24,26,47,37,43,37,23,45,Weak
STU1248,64,26,46,47,39,28,24,24,46,Weak
STU1249,61,65,69,50,56,60,51,67,65,Average
STU1250,60,57,68,62,54,60,62,62,46,Average
STU1251,46,22,36,47,28,45,38,39,40,Weak
STU1252,98,78,81,99,93,92,85,77,86,Excellent
STU1253,65,54,68,54,54,56,50,61,65,Average
STU1254,75,61,80,65,69,75,67,82,70,Good
STU1255,67,66,55,61,56,56,64,68,54,Average
STU1256,86,60,69,72,72,65,82,72,60,Good
STU1257,92,77,96,84,97,95,85,100,91,Excellent
STU1258,44,38,26,38,45,33,28,45,22,Weak
STU1259,67,54,53,59,57,56,49,52,66,Average
STU1260,44,37,22,36,21,44,21,33,26,Weak
STU1261,77,54,68,48,53,47,43,66,54,Average
STU1262,75,46,58,54,56,56,49,62,64,Average
STU1263,92,88,97,99,97,95,89,93,91,Excellent
STU1264,89,77,86,96,89,83,92,92,98,Excellent
STU1265,67,58,55,58,48,62,53,55,63,Average
STU1266,72,62,49,65,56,59,59,59,60,Average
STU1267,86,72,75,69,60,81,62,83,78,Good
STU1268,81,71,79,69,74,65,69,77,67,Good
STU1269,79,62,65,68,67,60,69,63,70,Average
STU1270,88,66,66,73,75,70,68,81,63,Good
STU1271,94,100,91,96,91,88,79,95,97,Excellent
STU1272,93,82,70,83,64,61,74,65,79,Good
STU1273,62,49,53,65,63,47,48,65,51,Average
STU1274,63,69,60,64,58,62,48,48,55,Average
STU1275,64,60,67,48,65,63,43,62,60,Average
STU1276,93,76,78,83,81,81,72,73,65,Good
STU1277,78,78,80,77,63,80,76,62,77,Good
STU1278,91,74,75,77,60,74,65,65,79,Good
STU1279,74,50,62,58,52,46,50,60,46,Average
STU1280,84,77,67,77,70,74,81,74,65,Good
STU1281,72,63,68,63,51,42,55,63,46,Average
STU1282,49,36,40,29,22,18,23,45,21,Weak
STU1283,91,92,82,80,81,80,86,96,91,Excellent
STU1284,79,68,51,65,65,51,51,66,48,Average
STU1285,88,83,74,80,75,79,69,74,65,Good
STU1286,97,78,90,99,95,100,88,99,98,Excellent
STU1287,60,51,53,59,59,63,52,64,65,Average
STU1288,66,65,57,56,65,53,66,49,62,Average
STU1289,77,82,69,81,78,76,80,73,68,Good
STU1290,89,78,89,86,99,97,78,91,79,Excellent
STU1291,85,68,71,81,76,59,65,75,65,Good
STU1292,39,40,24,21,39,30,42,21,27,Weak
STU1293,75,63,54,66,53,63,56,52,47,Average
STU1294,39,22,51,38,34,21,38,39,43,Weak
STU1295,88,79,79,72,80,72,81,81,73,Good
STU1296,83,67,81,66,84,81,62,69,71,Good
STU1297,79,47,53,51,61,62,66,62,52,Average
STU1298,78,55,59,54,49,63,50,48,46,Average
STU1299,68,59,62,60,55,47,59,54,61,Average
STU1300,61,51,63,47,54,42,59,55,49,Average
STU1301,60,67,55,49,57,50,46,48,47,Average
STU1302,48,28,31,30,31,37,33,20,30,Weak
STU1303,50,49,32,21,21,42,23,45,44,Weak
STU1304,79,84,67,65,63,77,61,66,62,Good
STU1305,83,79,70,82,65,76,71,72,61,Good
STU1306,38,40,43,21,39,17,29,47,43,Weak
STU1307,75,80,67,84,61,66,78,76,77,Good
STU1308,75,66,64,49,53,50,56,47,42,Average
STU1309,100,76,81,82,85,98,92,81,83,Excellent
STU1310,30,27,42,42,20,18,43,44,32,Weak
STU1311,77,84,78,84,73,61,71,78,66,Good
STU1312,42,34,37,38,18,20,44,46,40,Weak
STU1313,76,83,78,70,73,61,80,69,62,Good
STU1314,88,79,81,72,83,71,65,83,75,Good
STU1315,73,63,50,54,60,48,61,57,48,Average
STU1316,68,67,66,59,61,53,65,50,62,Average
STU1317,67,61,56,45,65,59,66,58,52,Average
STU1318,93,88,88,83,81,82,79,83,91,Excellent
STU1319,90,76,80,76,62,68,73,79,80,Good
STU1320,64,60,67,49,44,51,42,65,50,Average
STU1321,33,22,36,21,41,15,25,32,40,Weak
STU1322,86,81,76,78,74,72,68,80,79,Good
STU1323,82,80,83,70,79,76,63,68,63,Good
STU1324,87,62,76,66,83,59,82,70,60,Good
STU1325,80,65,82,81,71,63,67,80,69,Good
STU1326,58,32,36,22,25,28,20,35,30,Weak
STU1327,76,57,53,61,55,56,49,55,61,Average
STU1328,94,81,100,100,94,84,88,96,86,Excellent
STU1329,79,76,73,81,83,78,78,68,82,Good
STU1330,42,30,33,38,28,27,31,32,18,Weak
STU1331,93,71,72,72,80,70,71,77,60,Good
STU1332,57,45,24,27,42,41,31,42,30,Weak
STU1333,49,37,37,21,21,44,18,23,35,Weak
STU1334,99,82,99,96,78,86,96,89,86,Excellent
STU1335,58,28,29,21,36,25,30,29,31,Weak
STU1336,68,69,54,47,61,45,62,46,47,Average
STU1337,59,27,21,36,26,44,29,22,28,Weak
STU1338,72,59,52,65,58,64,64,68,66,Average
STU1339,89,96,90,97,81,77,90,97,86,Excellent
STU1340,86,61,67,67,71,72,68,69,70,Good
STU1341,63,45,54,46,65,44,48,48,46,Weak
STU1342,30,34,39,38,46,24,45,37,45,Weak
STU1343,99,85,96,96,83,79,85,76,93,Excellent
STU1344,86,65,65,68,76,70,77,66,62,Good
STU1345,33,45,46,33,39,25,44,29,36,Weak
STU1346,95,89,100,89,82,100,82,84,82,Excellent
STU1347,65,48,65,53,58,52,56,64,58,Average
STU1348,90,81,68,69,64,66,76,74,61,Good
STU1349,93,62,74,66,72,76,76,82,73,Good
STU1350,71,55,54,48,60,40,65,47,54,Average
STU1351,70,48,66,61,44,57,49,66,66,Average
STU1352,78,49,54,65,49,44,58,49,45,Average
STU1353,56,40,21,30,39,27,32,31,39,Weak
STU1354,95,81,84,96,97,83,91,100,89,Excellent
STU1355,48,45,35,31,29,34,23,42,43,Weak
STU1356,70,45,62,55,66,58,59,61,60,Average
STU1357,56,37,47,38,32,45,32,23,24,Weak
STU1358,38,27,39,32,34,31,34,20,25,Weak
STU1359,90,77,84,92,92,88,100,90,95,Excellent
STU1360,70,47,69,54,51,60,57,56,43,Average
STU1361,77,83,79,67,78,75,67,78,67,Good
STU1362,81,62,65,68,84,62,60,76,64,Good
STU1363,92,79,88,80,81,77,79,82,100,Excellent
STU1364,73,58,51,50,52,42,49,47,55,Average
STU1365,61,21,32,48,36,41,23,35,19,Weak
STU1366,91,76,89,95,83,76,79,100,90,Excellent
STU1367,61,51,50,52,64,53,65,67,63,Average
STU1368,81,60,81,73,80,70,80,80,80,Good
STU1369,91,82,74,74,63,65,81,81,79,Good
STU1370,73,62,61,64,62,63,56,66,45,Average
STU1371,91,82,97,91,100,88,79,92,79,Excellent
STU1372,68,56,64,59,66,56,67,62,63,Average
STU1373,77,52,56,50,46,51,66,55,66,Average
STU1374,93,68,66,76,63,61,77,76,78,Good
STU1375,91,65,80,76,78,62,76,62,82,Good
STU1376,91,95,100,90,90,79,78,98,89,Excellent
STU1377,88,89,88,100,97,93,96,86,82,Excellent
STU1378,89,96,95,86,86,77,92,90,95,Excellent
STU1379,62,56,56,51,50,52,59,49,54,Average
STU1380,76,75,73,73,65,68,81,83,60,Good
STU1381,72,57,49,53,65,47,48,48,59,Average
STU1382,65,56,59,65,49,61,63,45,45,Average
STU1383,95,77,92,96,99,96,87,95,89,Excellent
STU1384,94,88,92,84,83,98,79,96,94,Excellent
STU1385,94,77,82,94,83,91,89,96,97,Excellent
STU1386,95,99,83,85,78,94,100,90,92,Excellent
STU1387,86,81,74,79,68,59,64,67,66,Good
STU1388,89,99,80,86,97,99,89,90,93,Excellent
STU1389,78,72,71,68,74,76,68,72,67,Good
STU1390,67,57,69,48,49,42,50,46,43,Average
STU1391,74,67,59,48,67,47,50,67,46,Average
STU1392,79,62,58,59,63,48,58,56,48,Average
STU1393,94,99,89,92,96,85,90,95,85,Excellent
STU1394,74,55,58,45,58,54,61,50,65,Average
STU1395,74,53,61,62,67,56,59,49,61,Average
STU1396,70,68,69,45,59,45,43,59,62,Average
STU1397,35,25,49,41,47,32,31,29,31,Weak
STU1398,77,65,72,76,72,68,71,62,76,Good
STU1399,42,37,30,47,29,20,26,35,21,Weak
STU1400,55,49,44,31,28,19,42,37,36,Weak
STU1401,80,81,82,70,63,69,78,63,76,Good
STU1402,45,21,21,42,25,27,27,27,21,Weak
STU1403,75,70,71,81,79,81,77,83,81,Good
STU1404,64,54,51,49,51,50,62,68,51,Average
STU1405,76,82,72,80,81,62,62,73,72,Good
STU1406,88,83,81,98,78,99,84,91,80,Excellent
STU1407,77,62,81,71,73,74,77,74,79,Good
STU1408,92,63,65,82,60,70,79,81,82,Good
STU1409,70,53,56,49,67,40,58,66,43,Average
STU1410,68,48,52,55,65,58,62,47,53,Average
STU1411,78,57,54,59,64,46,67,52,46,Average
STU1412,78,82,74,84,74,75,79,74,67,Good
STU1413,93,75,71,78,73,61,74,64,64,Good
STU1414,74,68,55,48,43,63,65,54,45,Average
STU1415,91,82,84,77,64,78,68,83,65,Good
STU1416,94,82,86,86,83,95,97,77,96,Excellent
STU1417,88,86,85,98,81,89,86,79,90,Excellent
STU1418,92,64,80,83,73,73,74,83,63,Good
STU1419,51,40,41,40,25,31,33,46,40,Weak
STU1420,69,46,56,61,52,49,63,69,58,Average
STU1421,79,59,68,49,47,56,42,69,60,Average
STU1422,83,83,66,72,74,64,65,62,74,Good
STU1423,66,69,64,46,50,48,54,50,47,Average
STU1424,62,61,64,56,57,54,54,67,42,Average
STU1425,89,63,68,82,76,76,70,81,62,Good
STU1426,94,75,93,81,100,78,96,80,78,Excellent
STU1427,48,40,20,24,44,30,23,27,30,Weak
STU1428,64,38,31,35,44,25,27,44,37,Weak
STU1429,71,67,49,68,63,58,66,49,49,Average
STU1430,77,77,80,83,78,75,79,77,67,Good
STU1431,85,86,100,90,82,86,94,80,78,Excellent
STU1432,88,64,65,82,75,66,78,83,64,Good
STU1433,98,89,86,83,78,87,97,96,84,Excellent
STU1434,73,67,66,66,65,59,65,62,51,Average
STU1435,37,45,49,48,27,31,19,25,43,Weak
STU1436,98,83,84,97,97,83,94,91,89,Excellent
STU1437,87,84,81,82,93,76,87,80,99,Excellent
STU1438,91,81,94,85,97,83,99,94,89,Excellent
STU1439,62,59,49,65,43,61,44,50,56,Average
STU1440,68,45,63,50,50,43,43,48,42,Weak
STU1441,93,84,100,94,99,93,93,95,99,Excellent
STU1442,72,45,64,57,45,46,58,53,45,Average
STU1443,39,23,28,32,31,24,23,35,23,Weak
STU1444,86,96,97,82,97,95,92,89,81,Excellent
STU1445,83,78,81,75,84,66,69,79,79,Good
STU1446,81,76,79,84,74,58,73,66,70,Good
STU1447,82,70,82,67,60,68,75,79,75,Good
STU1448,92,65,83,68,72,81,73,64,69,Good
STU1449,73,52,66,58,51,56,50,50,52,Average
STU1450,76,45,69,49,50,57,65,65,43,Average
STU1451,70,50,55,48,59,50,46,59,59,Average
STU1452,51,30,45,44,30,18,39,26,46,Weak
STU1453,63,59,48,67,44,53,47,62,66,Average
STU1454,80,80,80,69,76,67,80,79,66,Good
STU1455,74,64,66,47,45,44,42,48,53,Average
STU1456,84,82,84,77,82,71,82,66,63,Good
STU1457,76,54,54,60,42,56,62,53,47,Average
STU1458,62,51,69,53,63,44,51,67,58,Average
STU1459,90,62,73,79,64,80,72,75,79,Good
STU1460,87,76,72,66,64,63,71,79,81,Good
STU1461,76,55,57,63,55,65,51,59,60,Average
STU1462,83,69,75,78,66,80,74,83,78,Good
STU1463,82,70,73,79,60,58,78,64,69,Good
STU1464,84,60,82,66,78,70,81,62,61,Good
STU1465,99,87,95,96,98,81,94,81,90,Excellent
STU1466,91,62,71,81,66,78,60,78,76,Good
STU1467,32,34,48,40,28,40,45,35,42,Weak
STU1468,68,68,48,69,63,55,50,63,53,Average
STU1469,83,66,78,83,78,59,68,74,74,Good
STU1470,73,69,55,62,60,55,43,52,63,Average
STU1471,74,69,55,48,56,59,66,61,54,Average
STU1472,72,57,69,59,61,49,44,63,44,Average
STU1473,82,82,68,84,70,68,70,63,76,Good
STU1474,76,83,79,80,84,61,67,70,64,Good
STU1475,66,64,64,47,46,58,53,51,50,Average
STU1476,80,76,80,67,80,61,69,66,80,Good
STU1477,69,56,57,57,52,61,57,52,49,Average
STU1478,82,72,66,76,69,69,70,76,75,Good
STU1479,86,92,91,98,100,92,94,80,92,Excellent
STU1480,62,45,60,65,67,53,54,48,48,Average
STU1481,81,80,79,79,63,80,82,67,79,Good
STU1482,79,56,48,52,42,44,63,50,62,Average
STU1483,44,24,47,43,31,32,33,25,42,Weak
STU1484,58,26,27,32,23,32,19,27,28,Weak
STU1485,56,39,31,30,46,45,44,48,27,Weak
STU1486,95,77,94,95,90,91,80,94,88,Excellent
STU1487,93,81,75,80,80,60,81,67,73,Good
STU1488,61,23,51,42,32,25,43,22,20,Weak
STU1489,69,63,51,63,52,41,51,55,66,Average
STU1490,93,82,75,78,61,80,64,66,78,Good
STU1491,92,63,81,74,79,63,73,72,70,Good
STU1492,56,42,41,37,41,37,28,40,29,Weak
STU1493,68,69,56,66,51,61,60,45,48,Average
STU1494,74,52,59,66,63,57,56,61,55,Average
STU1495,94,77,80,65,82,68,74,73,67,Good
STU1496,59,25,22,47,41,40,47,32,30,Weak
STU1497,76,50,49,48,63,65,52,52,53,Average
STU1498,94,67,72,81,79,77,82,77,73,Good
STU1499,66,60,60,59,65,55,62,67,65,Average
STU1500,38,22,38,39,22,24,34,34,40,Weak
STU1501,74,65,61,64,48,60,64,56,58,Average
STU1502,69,63,61,55,43,57,48,56,43,Average
STU1503,77,50,57,64,56,44,61,47,46,Average
STU1504,67,52,55,56,65,62,49,55,55,Average
STU1505,69,51,64,48,54,43,46,66,45,Average
STU1506,100,80,81,90,91,79,83,84,85,Excellent
STU1507,77,71,80,81,60,80,69,71,80,Good
STU1508,83,81,77,80,77,76,71,69,76,Good
STU1509,44,34,50,42,24,27,34,28,25,Weak
STU1510,92,72,80,73,71,69,65,80,66,Good
STU1511,100,92,95,86,81,99,85,87,90,Excellent
STU1512,35,38,32,44,45,40,31,41,21,Weak
STU1513,37,44,32,46,23,45,23,43,45,Weak
STU1514,77,62,77,66,75,79,65,69,82,Good
STU1515,65,58,50,54,44,51,58,49,61,Average
STU1516,68,65,67,51,63,43,54,57,51,Average
STU1517,79,64,60,61,63,43,42,45,56,Average
STU1518,82,77,77,78,67,65,74,74,66,Good
STU1519,96,99,95,81,99,92,94,81,90,Excellent
STU1520,73,62,60,55,62,60,57,67,58,Average
STU1521,79,59,56,64,51,51,62,67,61,Average
STU1522,94,68,79,65,71,60,70,63,75,Good
STU1523,89,71,65,77,73,65,67,73,60,Good
STU1524,69,63,58,51,52,56,42,65,62,Average
STU1525,35,41,37,25,22,27,36,41,25,Weak
STU1526,62,63,58,68,58,60,60,46,49,Average
STU1527,57,46,36,25,36,38,23,47,19,Weak
STU1528,64,63,67,48,63,65,58,55,45,Average
STU1529,61,36,28,23,40,42,31,38,43,Weak
STU1530,88,67,65,74,77,73,67,62,71,Good
STU1531,90,77,68,70,71,66,74,77,71,Good
STU1532,88,72,66,67,83,79,69,70,79,Good
STU1533,69,63,50,68,46,42,67,60,58,Average
STU1534,96,83,100,91,92,76,100,92,97,Excellent
STU1535,63,67,63,67,57,40,63,69,43,Average
STU1536,94,76,84,65,79,63,74,75,79,Good
STU1537,64,50,64,55,57,51,56,67,45,Average
STU1538,62,66,55,67,44,47,59,54,66,Average
STU1539,37,42,30,48,22,40,30,40,40,Weak
STU1540,87,65,69,73,75,59,60,69,78,Good
STU1541,71,56,54,57,49,61,67,53,48,Average
STU1542,50,43,34,21,40,45,37,44,29,Weak
STU1543,67,49,62,45,42,64,51,66,51,Average
STU1544,46,41,25,22,30,30,25,49,32,Weak
STU1545,90,100,92,96,83,91,93,88,90,Excellent
STU1546,43,34,27,48,32,36,46,46,30,Weak
STU1547,62,50,52,66,67,56,64,69,43,Average
STU1548,89,100,99,85,83,92,95,78,94,Excellent
STU1549,43,32,26,31,40,29,36,30,32,Weak
STU1550,76,47,66,64,45,42,67,60,53,Average
STU1551,46,26,30,37,18,17,21,32,23,Weak
STU1552,73,49,63,59,56,43,49,60,57,Average
STU1553,97,100,92,81,80,96,85,98,92,Excellent
STU1554,68,51,60,46,49,46,65,56,60,Average
STU1555,90,62,74,70,77,75,64,82,66,Good
STU1556,70,57,52,50,65,65,55,56,45,Average
STU1557,65,54,65,59,49,65,50,49,51,Average
STU1558,75,68,50,54,52,50,58,48,45,Average
STU1559,93,64,70,67,81,58,79,83,75,Good
STU1560,72,54,50,53,53,62,55,45,59,Average
STU1561,93,83,89,98,92,79,92,94,100,Excellent
STU1562,76,72,80,79,84,67,73,71,73,Good
STU1563,83,84,78,67,79,73,61,71,62,Good
STU1564,87,66,81,66,71,67,77,83,70,Good
STU1565,93,77,67,80,65,69,70,76,74,Good
STU1566,96,87,83,86,99,76,92,82,84,Excellent
STU1567,91,88,87,91,90,85,94,91,81,Excellent
STU1568,34,45,35,23,45,36,46,34,29,Weak
STU1569,90,73,74,71,72,77,64,64,74,Good
STU1570,88,79,83,77,69,78,64,81,79,Good
STU1571,63,46,69,60,59,44,63,48,54,Average
STU1572,76,72,75,68,81,77,79,76,63,Good
STU1573,87,93,85,85,97,89,92,99,97,Excellent
STU1574,63,62,65,49,61,62,52,49,63,Average
STU1575,71,46,60,54,50,49,48,48,60,Average
STU1576,77,84,83,66,79,67,61,63,76,Good
STU1577,75,58,54,65,52,63,42,55,64,Average
STU1578,91,100,94,97,89,91,78,85,78,Excellent
STU1579,69,51,49,54,65,43,53,63,52,Average
STU1580,40,32,22,31,20,24,44,36,39,Weak
STU1581,75,46,69,64,47,64,51,54,49,Average
STU1582,83,81,74,79,64,79,75,74,81,Good
STU1583,86,85,88,95,79,100,79,86,85,Excellent
STU1584,94,83,89,81,93,94,84,76,78,Excellent
STU1585,63,68,69,46,66,53,43,59,53,Average
STU1586,79,51,68,54,55,53,46,62,65,Average
STU1587,86,81,70,68,72,61,81,75,75,Good
STU1588,54,20,32,23,37,32,23,22,40,Weak
STU1589,95,90,84,83,98,82,96,88,84,Excellent
STU1590,90,86,95,96,90,97,91,81,91,Excellent
STU1591,96,91,88,94,89,76,82,87,97,Excellent
STU1592,73,59,58,45,62,42,58,63,55,Average
STU1593,91,82,92,99,80,79,86,80,99,Excellent
STU1594,64,69,55,67,42,59,53,67,52,Average
STU1595,53,30,48,41,43,30,20,39,31,Weak
STU1596,74,45,64,46,61,45,49,60,60,Average
STU1597,77,64,76,76,79,70,79,70,66,Good
STU1598,48,25,46,32,28,27,30,47,42,Weak
STU1599,94,74,77,75,78,65,79,69,69,Good
STU1600,78,67,58,57,50,59,65,63,57,Average
STU1601,96,89,93,90,87,85,83,76,88,Excellent
STU1602,80,73,84,70,76,67,60,64,67,Good
STU1603,79,66,62,68,48,50,48,48,66,Average
STU1604,65,58,59,55,60,60,46,58,62,Average
STU1605,87,84,84,68,70,74,66,75,70,Good
STU1606,83,82,77,82,70,72,81,80,60,Good
STU1607,73,47,64,47,57,53,61,57,56,Average
STU1608,78,50,57,59,62,61,61,50,64,Average
STU1609,81,81,81,82,76,66,69,71,66,Good
STU1610,77,50,67,45,42,51,62,46,45,Average
STU1611,70,66,51,45,48,57,50,47,49,Average
STU1612,93,63,82,84,70,71,77,77,62,Good
STU1613,78,64,81,71,75,71,75,68,68,Good
STU1614,59,41,30,21,29,26,47,23,35,Weak
STU1615,81,60,77,70,65,69,67,83,78,Good
STU1616,64,69,57,45,51,44,53,66,48,Average
STU1617,50,31,42,48,18,25,47,40,32,Weak
STU1618,66,65,59,66,59,42,48,55,59,Average
STU1619,79,60,76,75,63,75,63,78,61,Good
STU1620,61,56,53,54,66,62,66,65,64,Average
STU1621,88,66,83,81,68,70,81,66,82,Good
STU1622,69,51,62,51,56,42,60,54,56,Average
STU1623,71,59,53,57,60,42,49,52,64,Average
STU1624,89,63,83,67,72,65,82,77,72,Good
STU1625,38,47,33,32,38,39,24,34,24,Weak
STU1626,93,96,96,84,89,75,87,85,93,Excellent
STU1627,54,37,31,44,34,42,43,33,33,Weak
STU1628,63,69,58,50,56,44,52,69,59,Average
STU1629,43,47,37,46,45,45,42,47,36,Weak
STU1630,89,68,72,84,60,61,73,63,75,Good
STU1631,37,25,35,43,33,21,47,32,30,Weak
STU1632,94,81,82,79,77,59,69,74,77,Good
STU1633,86,74,77,82,74,80,70,80,62,Good
STU1634,88,73,77,76,83,66,60,80,70,Good
STU1635,52,43,41,38,35,26,40,47,45,Weak
STU1636,60,63,67,61,46,65,44,46,44,Average
STU1637,65,57,69,66,57,55,44,57,55,Average
STU1638,91,97,100,87,98,99,86,75,83,Excellent
STU1639,85,70,77,75,77,80,74,62,80,Good
STU1640,72,56,65,68,60,54,49,63,51,Average
STU1641,75,64,53,53,62,52,66,65,49,Average
STU1642,72,61,67,49,63,60,58,53,43,Average
STU1643,92,68,70,75,84,63,65,74,70,Good
STU1644,67,47,68,47,42,63,60,62,58,Average
STU1645,87,62,65,68,84,70,76,72,61,Good
STU1646,63,48,38,42,36,39,33,41,36,Weak
STU1647,84,78,65,66,75,69,67,79,61,Good
STU1648,87,65,70,73,75,68,66,71,69,Good
STU1649,79,62,67,53,56,43,49,53,54,Average
STU1650,63,61,63,59,44,64,61,49,64,Average
STU1651,74,62,62,46,54,43,51,57,51,Average
STU1652,83,67,67,80,73,66,80,72,62,Good
STU1653,42,23,43,32,29,19,27,47,41,Weak
STU1654,91,76,86,87,84,95,100,88,96,Excellent
STU1655,60,44,50,37,37,26,40,36,30,Weak
STU1656,72,51,57,67,47,42,67,47,59,Average
STU1657,94,64,83,83,74,73,68,65,74,Good
STU1658,62,67,61,61,60,45,45,51,60,Average
STU1659,75,59,69,52,60,47,59,60,61,Average
STU1660,76,57,60,51,51,41,45,69,47,Average
STU1661,65,69,64,58,65,50,67,63,43,Average
STU1662,95,80,93,98,93,95,99,98,84,Excellent
STU1663,67,63,67,60,63,46,50,57,42,Average
STU1664,67,68,69,48,44,42,63,57,49,Average
STU1665,30,46,35,25,24,26,40,28,44,Weak
STU1666,62,37,50,23,22,23,44,36,20,Weak
STU1667,75,47,67,59,44,59,55,60,58,Average
STU1668,94,82,82,82,81,71,77,76,74,Excellent
STU1669,44,37,23,42,25,29,20,49,32,Weak
STU1670,63,43,27,48,47,34,34,32,18,Weak
STU1671,99,86,93,81,95,96,84,97,83,Excellent
STU1672,95,96,81,96,82,88,97,95,98,Excellent
STU1673,45,37,45,36,28,31,33,45,40,Weak
STU1674,66,46,53,61,48,64,46,49,61,Average
STU1675,87,83,84,87,86,79,87,99,79,Excellent
STU1676,88,96,81,85,91,75,95,81,78,Excellent
STU1677,75,83,68,68,77,68,60,71,68,Good
STU1678,65,60,49,67,59,49,65,68,58,Average
STU1679,92,81,77,81,64,68,66,71,76,Good
STU1680,52,41,38,49,43,16,43,23,20,Weak
STU1681,47,29,26,27,23,36,43,20,21,Weak
STU1682,58,40,45,33,26,41,32,31,27,Weak
STU1683,93,65,84,70,67,58,81,78,76,Good
STU1684,89,66,83,67,81,68,79,80,68,Good
STU1685,60,60,65,67,67,56,47,58,64,Average
STU1686,88,83,67,83,84,69,61,64,77,Good
STU1687,94,80,70,69,60,76,60,82,80,Good
STU1688,95,96,87,95,78,78,87,85,94,Excellent
STU1689,52,26,31,40,24,26,32,21,31,Weak
STU1690,43,33,35,26,36,16,27,37,46,Weak
STU1691,86,65,73,84,60,79,74,82,65,Good
STU1692,65,57,48,67,64,65,54,51,56,Average
STU1693,55,20,34,23,30,37,44,44,22,Weak
STU1694,91,100,80,95,100,80,100,90,91,Excellent
STU1695,62,59,50,67,43,40,50,53,64,Average
STU1696,77,55,54,53,42,53,61,50,48,Average
STU1697,61,48,68,61,42,49,60,59,51,Average
STU1698,71,68,63,53,56,56,55,62,43,Average
STU1699,92,66,77,79,84,80,81,62,70,Good
STU1700,89,90,90,100,83,83,90,98,85,Excellent
STU1701,75,76,69,66,84,81,68,65,76,Good
STU1702,86,90,87,90,98,95,95,97,87,Excellent
STU1703,77,54,63,64,46,52,59,61,50,Average
STU1704,58,23,37,46,37,38,41,34,28,Weak
STU1705,97,89,94,84,100,93,97,100,91,Excellent
STU1706,47,40,22,21,18,24,36,36,29,Weak
STU1707,76,68,50,55,58,62,67,47,49,Average
STU1708,66,58,61,48,57,63,63,45,58,Average
STU1709,90,90,95,87,84,80,93,94,93,Excellent
STU1710,73,55,61,51,42,65,66,57,61,Average
STU1711,94,63,75,66,73,69,76,73,71,Good
STU1712,73,68,49,56,67,60,57,48,49,Average
STU1713,93,97,94,92,100,91,93,76,97,Excellent
STU1714,32,42,31,27,19,18,31,35,36,Weak
STU1715,88,65,77,68,81,75,71,81,81,Good
STU1716,78,52,54,60,60,45,61,65,52,Average
STU1717,91,79,90,94,80,100,82,97,98,Excellent
STU1718,74,47,53,61,67,60,49,65,66,Average
STU1719,67,54,50,67,55,62,55,54,53,Average
STU1720,88,61,73,74,76,74,62,80,60,Good
STU1721,63,54,60,46,51,60,63,69,45,Average
STU1722,78,46,59,61,51,41,47,52,60,Average
STU1723,71,53,49,52,67,50,62,48,51,Average
STU1724,37,23,48,29,29,43,31,35,39,Weak
STU1725,71,62,54,64,65,62,48,53,42,Average
STU1726,65,66,59,66,53,49,64,50,58,Average
STU1727,65,68,66,54,65,47,62,68,47,Average
STU1728,66,68,48,62,65,64,61,56,57,Average
STU1729,94,88,99,89,87,100,88,97,79,Excellent
STU1730,82,82,71,72,60,78,61,79,74,Good
STU1731,76,79,67,83,77,79,77,75,67,Good
STU1732,96,95,89,99,94,85,79,100,81,Excellent
STU1733,72,52,51,54,60,57,46,63,64,Average
STU1734,90,60,76,66,80,65,77,77,64,Good
STU1735,87,78,67,72,71,59,70,73,77,Good
STU1736,86,61,69,71,83,69,75,69,68,Good
STU1737,79,72,69,75,69,77,72,70,80,Good
STU1738,89,69,71,72,62,72,75,65,80,Good
STU1739,78,70,76,69,82,78,75,74,72,Good
STU1740,81,67,77,80,63,65,75,82,69,Good
STU1741,96,100,84,95,78,83,89,79,99,Excellent
STU1742,62,49,49,58,43,52,48,54,54,Average
STU1743,73,55,57,50,45,60,42,51,65,Average
STU1744,64,63,57,55,66,54,47,59,46,Average
STU1745,93,69,76,68,77,73,67,65,82,Good
STU1746,78,64,67,73,80,75,70,64,82,Good
STU1747,88,63,73,77,77,72,69,77,71,Good
STU1748,76,69,65,71,76,73,62,75,69,Good
STU1749,76,50,69,48,58,48,45,51,64,Average
STU1750,92,82,94,94,85,90,96,85,79,Excellent
STU1751,55,35,44,34,30,29,44,23,33,Weak
STU1752,71,48,50,66,58,61,59,69,59,Average
STU1753,76,56,68,68,45,51,67,67,63,Average
STU1754,74,67,63,49,62,54,58,62,46,Average
STU1755,59,32,37,33,47,18,21,39,37,Weak
STU1756,36,44,31,40,21,41,19,21,22,Weak
STU1757,100,84,88,92,84,79,87,84,83,Excellent
STU1758,93,80,72,65,76,64,73,82,80,Good
STU1759,85,79,99,87,83,85,96,78,95,Excellent
STU1760,98,98,80,90,94,78,89,84,83,Excellent
STU1761,36,45,46,40,45,45,33,43,31,Weak
STU1762,79,50,69,69,46,63,62,62,56,Average
STU1763,93,60,65,77,62,67,80,64,68,Good
STU1764,87,65,77,84,79,69,72,63,80,Good
STU1765,75,67,53,63,62,52,58,67,50,Average
STU1766,86,93,98,86,99,84,87,94,86,Excellent
STU1767,99,76,83,98,94,79,84,92,98,Excellent
STU1768,36,36,26,23,25,27,21,25,42,Weak
STU1769,41,23,43,48,26,18,36,43,31,Weak
STU1770,84,84,83,76,77,74,70,64,82,Good
STU1771,89,68,79,67,81,76,72,73,79,Good
STU1772,91,72,65,74,74,64,81,79,75,Good
STU1773,56,47,37,46,24,31,46,37,29,Weak
STU1774,61,51,51,62,47,48,50,58,49,Average
STU1775,64,37,24,33,45,44,21,26,37,Weak
STU1776,86,61,75,78,81,80,75,81,65,Good
STU1777,99,98,80,86,89,84,82,86,95,Excellent
STU1778,96,86,86,97,79,84,92,86,94,Excellent
STU1779,83,78,71,66,65,75,65,74,78,Good
STU1780,86,74,78,70,77,62,77,64,62,Good
STU1781,94,93,82,91,93,91,84,87,79,Excellent
STU1782,91,98,96,99,83,93,82,84,86,Excellent
STU1783,93,80,70,68,83,60,62,65,64,Good
STU1784,90,77,91,87,90,78,91,88,90,Excellent
STU1785,91,63,72,81,62,74,68,63,72,Good
STU1786,94,70,79,75,82,60,62,73,64,Good
STU1787,66,57,56,69,62,52,53,57,65,Average
STU1788,67,66,63,57,44,42,65,49,52,Average
STU1789,69,54,67,46,44,47,52,57,48,Average
STU1790,80,68,84,66,77,73,71,68,66,Good
STU1791,40,25,48,42,44,28,23,25,19,Weak
STU1792,49,44,34,47,34,43,25,24,34,Weak
STU1793,77,59,52,51,59,45,63,65,46,Average
STU1794,84,74,74,80,71,75,82,62,75,Good
STU1795,87,76,81,92,86,90,82,97,98,Excellent
STU1796,88,98,92,86,87,89,98,80,82,Excellent
STU1797,63,40,34,45,33,45,36,28,46,Weak
STU1798,33,49,22,43,46,34,28,20,23,Weak
STU1799,60,65,54,50,55,41,45,55,56,Average
STU1800,60,47,50,51,42,64,52,50,61,Average
STU1801,87,76,97,91,87,79,86,76,79,Excellent
STU1802,69,62,59,48,63,60,58,59,47,Average
STU1803,32,29,24,33,43,43,38,32,43,Weak
STU1804,71,52,52,59,57,40,57,49,44,Average
STU1805,60,32,43,35,40,25,38,21,39,Weak
STU1806,65,58,58,52,49,40,62,51,47,Average
STU1807,87,96,100,99,85,100,91,92,93,Excellent
STU1808,69,66,63,48,61,52,63,49,63,Average
STU1809,58,35,25,47,33,20,31,40,18,Weak
STU1810,72,63,64,55,49,62,46,54,48,Average
STU1811,68,58,49,69,50,60,42,67,51,Average
STU1812,62,50,53,65,43,65,67,62,64,Average
STU1813,51,24,39,26,41,30,37,20,18,Weak
STU1814,75,80,84,77,68,72,62,75,82,Good
STU1815,86,72,77,65,83,67,62,65,75,Good
STU1816,91,78,79,80,74,59,70,62,74,Good
STU1817,63,55,52,47,54,49,52,62,43,Average
STU1818,84,77,71,71,62,69,66,78,60,Good
STU1819,99,76,88,86,81,94,95,95,81,Excellent
STU1820,87,60,67,80,81,61,82,77,78,Good
STU1821,78,66,58,57,61,44,62,48,45,Average
STU1822,88,95,97,97,93,83,95,96,79,Excellent
STU1823,71,51,62,51,63,65,62,61,57,Average
STU1824,78,53,61,61,46,41,61,60,55,Average
STU1825,60,47,54,59,60,59,43,63,50,Average
STU1826,64,62,63,48,53,46,55,67,53,Average
STU1827,91,69,74,75,76,62,72,71,68,Good
STU1828,63,48,65,53,66,57,55,69,56,Average
STU1829,84,74,68,82,77,74,71,68,75,Good
STU1830,32,38,37,49,27,20,30,29,35,Weak
STU1831,49,45,35,44,42,20,30,23,40,Weak
STU1832,79,49,55,56,43,51,46,66,46,Average
STU1833,38,29,51,20,47,17,47,37,29,Weak
STU1834,68,46,50,58,45,64,60,57,48,Average
STU1835,52,28,21,48,39,23,29,31,32,Weak
STU1836,47,32,33,24,43,24,29,29,41,Weak
STU1837,76,64,71,70,81,80,62,74,62,Good
STU1838,65,55,64,54,53,56,45,46,52,Average
STU1839,77,65,51,52,61,53,53,66,62,Average
STU1840,92,70,72,66,84,72,68,80,79,Good
STU1841,78,49,58,59,49,58,64,52,60,Average
STU1842,69,51,56,45,60,44,60,45,56,Average
STU1843,36,45,51,31,25,19,27,47,38,Weak
STU1844,55,24,41,34,30,42,18,30,40,Weak
STU1845,86,92,100,95,90,81,78,100,93,Excellent
STU1846,65,46,64,50,55,57,47,54,65,Average
STU1847,68,52,57,61,64,65,47,58,63,Average
STU1848,66,56,50,58,63,58,64,60,48,Average
STU1849,93,87,100,88,87,95,100,83,92,Excellent
STU1850,72,46,66,46,44,45,44,54,65,Average
STU1851,48,22,37,26,26,34,29,24,20,Weak
STU1852,78,64,65,82,71,70,68,63,64,Good
STU1853,90,83,67,68,70,80,73,64,75,Good
STU1854,84,68,75,80,69,74,78,63,82,Good
STU1855,60,38,27,45,46,17,43,33,42,Weak
STU1856,89,77,97,88,83,97,98,99,78,Excellent
STU1857,84,65,76,68,72,74,67,81,62,Good
STU1858,41,21,43,33,39,37,47,24,26,Weak
STU1859,34,22,46,36,19,38,18,26,31,Weak
STU1860,96,85,81,87,86,77,79,81,82,Excellent
STU1861,34,39,32,40,46,34,46,25,37,Weak
STU1862,61,69,53,53,66,42,42,45,60,Average
STU1863,48,31,35,44,42,33,20,31,22,Weak
STU1864,66,57,62,66,44,60,61,49,65,Average
STU1865,60,52,65,64,57,57,61,56,54,Average
STU1866,54,33,51,49,41,30,32,31,26,Weak
STU1867,91,92,92,97,92,78,94,79,99,Excellent
STU1868,84,83,82,81,77,64,63,66,82,Good
STU1869,92,82,78,79,76,58,80,78,82,Good
STU1870,76,58,67,63,62,46,65,57,59,Average
STU1871,73,45,54,52,59,48,42,66,58,Average
STU1872,35,22,43,24,19,34,42,23,27,Weak
STU1873,85,75,81,80,66,73,62,77,67,Good
STU1874,87,91,100,97,88,78,93,91,86,Excellent
STU1875,79,69,49,53,62,45,44,64,47,Average
STU1876,75,64,70,77,61,72,74,74,73,Good
STU1877,66,58,57,61,55,47,45,60,65,Average
STU1878,56,44,46,39,35,28,35,24,43,Weak
STU1879,62,52,67,66,51,61,60,65,44,Average
STU1880,85,76,80,71,63,80,78,73,74,Good
STU1881,79,64,79,82,70,69,61,81,74,Good
STU1882,77,50,66,55,65,41,49,55,46,Average
STU1883,77,58,69,54,44,48,44,55,53,Average
STU1884,66,58,58,51,66,60,51,55,56,Average
STU1885,90,95,99,91,95,97,90,79,81,Excellent
STU1886,92,83,98,82,82,95,95,75,85,Excellent
STU1887,76,55,49,50,63,53,44,56,45,Average
STU1888,61,46,62,67,58,46,55,56,58,Average
STU1889,90,93,85,97,82,98,83,76,85,Excellent
STU1890,40,41,41,43,18,32,29,31,42,Weak
STU1891,36,42,40,21,28,36,27,22,37,Weak
STU1892,57,46,37,33,35,42,41,27,27,Weak
STU1893,37,23,46,23,22,15,34,21,25,Weak
STU1894,89,84,69,66,66,65,66,68,73,Good
STU1895,80,63,74,82,71,73,66,67,64,Good
STU1896,74,54,67,63,57,50,49,47,64,Average
STU1897,36,33,21,29,36,40,26,35,36,Weak
STU1898,75,57,57,69,61,53,53,69,60,Average
STU1899,44,35,46,27,27,45,21,38,36,Weak
STU1900,74,58,48,60,51,58,63,47,46,Average
STU1901,40,35,21,31,39,20,28,46,25,Weak
STU1902,59,21,28,34,19,43,18,29,19,Weak
STU1903,37,24,41,47,18,29,23,31,25,Weak
STU1904,61,46,20,30,37,15,47,27,22,Weak
STU1905,92,99,89,81,86,98,100,77,95,Excellent
STU1906,49,37,44,22,45,44,40,33,41,Weak
STU1907,85,75,72,71,70,60,76,75,65,Good
STU1908,64,52,49,59,53,56,42,59,55,Average
STU1909,75,53,48,61,54,60,67,65,46,Average
STU1910,92,93,92,80,97,99,92,88,85,Excellent
STU1911,91,68,67,75,71,67,76,78,70,Good
STU1912,78,66,78,71,83,65,60,83,63,Good
STU1913,41,43,22,32,37,45,23,30,40,Weak
STU1914,90,66,75,65,66,69,66,68,69,Good
STU1915,82,68,73,66,72,70,82,65,71,Good
STU1916,87,77,79,72,74,58,79,71,71,Good
STU1917,67,60,61,69,54,62,62,57,46,Average
STU1918,34,32,47,30,42,33,20,34,24,Weak
STU1919,62,57,54,49,64,57,63,52,58,Average
STU1920,60,58,64,54,53,55,55,60,49,Average
STU1921,84,76,82,84,75,74,75,80,67,Good
STU1922,83,63,76,76,82,74,74,70,66,Good
STU1923,86,84,71,82,74,63,71,72,79,Good
STU1924,90,98,84,97,93,82,97,96,88,Excellent
STU1925,86,80,70,84,64,80,68,77,81,Good
STU1926,82,79,83,78,66,62,77,63,70,Good
STU1927,60,66,59,46,59,46,67,61,63,Average
STU1928,88,83,71,67,65,77,61,78,71,Good
STU1929,76,54,50,64,59,52,53,61,45,Average
STU1930,69,55,53,50,50,54,43,48,46,Average
STU1931,67,66,59,65,49,58,44,62,62,Average
STU1932,78,59,53,60,49,55,59,64,57,Average
STU1933,41,32,29,26,31,37,18,36,21,Weak
STU1934,94,83,71,74,76,64,60,68,70,Good
STU1935,87,78,83,92,100,93,87,79,84,Excellent
STU1936,75,71,66,71,70,70,61,68,74,Good
STU1937,61,51,51,55,43,55,48,57,46,Average
STU1938,48,26,25,27,30,19,19,28,28,Weak
STU1939,55,26,44,26,36,20,28,48,28,Weak
STU1940,78,48,53,61,66,44,48,53,66,Average
STU1941,60,63,53,62,51,50,42,45,54,Average
STU1942,60,64,50,62,50,53,58,67,55,Average
STU1943,64,65,64,66,66,41,64,66,46,Average
STU1944,80,79,77,69,82,80,66,81,60,Good
STU1945,88,91,100,93,93,88,93,98,97,Excellent
STU1946,82,83,67,83,60,59,74,83,69,Good
STU1947,73,61,60,45,46,65,54,69,55,Average
STU1948,89,78,81,67,75,71,71,73,70,Good
STU1949,76,65,67,55,66,64,43,54,51,Average
STU1950,90,78,91,90,100,97,90,79,83,Excellent
STU1951,77,66,56,68,66,54,67,52,60,Average
STU1952,80,65,67,74,60,71,63,73,65,Good
STU1953,69,62,54,51,52,43,61,45,54,Average
STU1954,68,67,56,54,43,45,56,47,52,Average
STU1955,62,68,58,59,54,59,51,50,56,Average
STU1956,36,34,37,37,37,23,41,21,25,Weak
STU1957,70,51,53,54,46,50,42,46,65,Average
STU1958,76,80,84,68,71,79,79,79,60,Good
STU1959,85,98,93,83,82,85,100,87,93,Excellent
STU1960,61,60,53,58,42,56,52,63,44,Average
STU1961,79,76,71,74,70,60,79,71,69,Good
STU1962,89,69,74,83,60,81,69,63,76,Good
STU1963,66,51,67,53,63,41,55,61,42,Average
STU1964,48,23,47,27,30,18,26,28,39,Weak
STU1965,84,70,71,73,65,76,75,76,66,Good
STU1966,75,45,66,49,48,58,63,49,58,Average
STU1967,67,45,49,59,61,57,52,69,51,Average
STU1968,78,64,68,77,84,70,77,63,75,Good
STU1969,93,68,67,71,69,58,69,82,68,Good
STU1970,99,77,84,88,99,83,100,81,100,Excellent
STU1971,56,28,25,42,19,45,26,47,46,Weak
STU1972,93,65,69,66,68,71,63,65,80,Good
STU1973,55,23,35,40,45,18,47,35,39,Weak
STU1974,78,52,53,54,46,57,51,54,48,Average
STU1975,81,80,65,79,63,77,69,70,61,Good
STU1976,62,21,26,48,27,36,37,20,30,Weak
STU1977,90,74,81,80,72,68,76,78,61,Good
STU1978,95,84,82,96,92,83,87,82,98,Excellent
STU1979,77,49,53,61,52,59,57,53,43,Average
STU1980,88,78,82,88,99,97,89,84,79,Excellent
STU1981,59,41,25,37,19,44,19,29,33,Weak
STU1982,67,60,65,57,56,60,53,52,51,Average
STU1983,48,34,25,46,28,35,28,39,37,Weak
STU1984,39,21,45,49,26,28,36,29,40,Weak
STU1985,80,73,68,79,75,64,76,80,78,Good
STU1986,99,85,95,87,88,81,99,99,96,Excellent
STU1987,52,34,32,44,19,16,33,28,45,Weak
STU1988,83,72,66,72,68,73,61,67,81,Good
STU1989,64,53,48,53,51,62,45,47,51,Average
STU1990,98,80,91,92,94,90,80,76,88,Excellent
STU1991,62,62,67,59,55,41,58,66,49,Average
STU1992,100,92,98,87,85,77,80,86,99,Excellent
STU1993,91,73,83,73,80,69,64,72,79,Good
STU1994,89,73,75,84,67,61,71,69,65,Good
STU1995,86,75,80,84,79,61,70,74,68,Good
STU1996,83,72,80,70,69,70,66,80,78,Good
STU1997,87,80,66,74,81,70,68,62,73,Good
STU1998,79,59,48,61,65,52,56,60,57,Average
STU1999,70,52,67,47,53,59,57,58,57,Average
